Rotation_no,Detector_no,Reading
1,1,101.54266119
1,2,355.39931416
2,1,355.39931416
2,2,101.54266119